vivienda_id,tipo,personas_ids,cbr_fojas,cbr_numero,cbr_anio,fuente
VIV-0001,comodatario,PER-0001,,,,planilla_socioeconomica · columna marca X
VIV-0002,propietario,PER-0002,1014,994,1984,planilla_socioeconomica · columna marca X
VIV-0003,propietario,PER-0003,1046,1026,1984,planilla_socioeconomica · columna marca X
VIV-0004,usufructuario,PER-0004,2145,2040,1992,planilla_socioeconomica · columna marca X
VIV-0005,propietario,PER-0005,1019,999,1984,planilla_socioeconomica · columna marca X
VIV-0006,propietario,PER-0006,1023,1003,1984,planilla_socioeconomica · columna marca X
VIV-0008,propietario,PER-0008,1024,1004,1984,planilla_socioeconomica · columna marca X
VIV-0009,propietario,PER-0009,1022,1002,1984,planilla_socioeconomica · columna marca X
VIV-0010,propietario,PER-0010,6280,4387,2012,planilla_socioeconomica · columna marca X
VIV-0011,propietario,PER-0013,1018,998,1984,planilla_socioeconomica · columna marca X
VIV-0012,propietario,PER-0014,409,368,2003,planilla_socioeconomica · columna marca X
VIV-0013,usufructuario,PER-0015,167,153,2002,planilla_socioeconomica · columna marca X
VIV-0014,propietario,"PER-0017,PER-0018",8475,6825,2008,planilla_socioeconomica · columna marca X
VIV-0014,arrendador,PER-0019,8475,6825,2008,planilla_socioeconomica · columna marca X
VIV-0015,propietario,PER-0020,165,151,2002,planilla_socioeconomica · columna marca X
VIV-0016,propietario,PER-0021,4713,3910,2009,planilla_socioeconomica · columna marca X
VIV-0016,usufructuario,"PER-0021,PER-0022",4713,3910,2009,planilla_socioeconomica · columna marca X
VIV-0017,propietario,PER-0023,161,147,2002,planilla_socioeconomica · columna marca X
VIV-0017,arrendador,PER-0024,161,147,2002,planilla_socioeconomica · columna marca X
VIV-0018,propietario,PER-0025,162,148,2002,planilla_socioeconomica · columna marca X
VIV-0019,propietario,PER-0026,4362,4012,2001,planilla_socioeconomica · columna marca X
VIV-0020,propietario,PER-0027,1828,1750,1991,planilla_socioeconomica · columna marca X
VIV-0022,propietario,PER-0029,2078,1973,1992,planilla_socioeconomica · columna marca X
VIV-0023,propietario,PER-0030,3178,2957,1997,planilla_socioeconomica · columna marca X
VIV-0024,propietario,PER-0031,2076,1971,1992,planilla_socioeconomica · columna marca X
VIV-0026,propietario,PER-0033,871,804,2002,planilla_socioeconomica · columna marca X
VIV-0027,propietario,PER-0034,2077,1972,1992,planilla_socioeconomica · columna marca X
VIV-0028,propietario,PER-0035,410,369,2003,planilla_socioeconomica · columna marca X
VIV-0029,propietario,PER-0036,4215,3952,1997,planilla_socioeconomica · columna marca X
VIV-0031,propietario,"PER-0038,PER-0039",997,977,1984,planilla_socioeconomica · columna marca X
VIV-0032,usufructuario,PER-0040,1130,1110,1984,planilla_socioeconomica · columna marca X
VIV-0034,propietario,PER-0043,1117,1097,1984,planilla_socioeconomica · columna marca X
VIV-0035,propietario,PER-0045,999,979,1984,planilla_socioeconomica · columna marca X
VIV-0036,propietario,PER-0046,7828,5541,2012,planilla_socioeconomica · columna marca X
VIV-0037,propietario,PER-0047,983,960,1984,planilla_socioeconomica · columna marca X
VIV-0038,propietario,PER-0048,,,,planilla_socioeconomica · columna marca X
VIV-0039,propietario,PER-0049,834,806,1992,planilla_socioeconomica · columna marca X
VIV-0040,propietario,PER-0050,1103,1083,1984,planilla_socioeconomica · columna marca X
VIV-0041,propietario,PER-0051,835,722,1993,planilla_socioeconomica · columna marca X
VIV-0042,propietario,PER-0052,1007,987,1984,planilla_socioeconomica · columna marca X
VIV-0043,propietario,PER-0053,4141,3809,20092,planilla_socioeconomica · columna marca X
VIV-0045,propietario,PER-0055,656,563,1992,planilla_socioeconomica · columna marca X
VIV-0046,propietario,PER-0056,,,,planilla_socioeconomica · columna marca X
VIV-0047,propietario,PER-0057,4225,3962,1997,planilla_socioeconomica · columna marca X
VIV-0048,propietario,PER-0058,1662,1379,1993,planilla_socioeconomica · columna marca X
VIV-0049,propietario,PER-0059,720 V,1070,1964,planilla_socioeconomica · columna marca X
VIV-0050,usufructuario,PER-0060,,,,planilla_socioeconomica · columna marca X
VIV-0051,propietario,PER-0061,1095,1075,1984,planilla_socioeconomica · columna marca X
VIV-0052,propietario,PER-0062,4224,3961,1997,planilla_socioeconomica · columna marca X
VIV-0053,propietario,PER-0063,836,723,1993,planilla_socioeconomica · columna marca X
VIV-0055,propietario,PER-0065,2121,2016,1992,planilla_socioeconomica · columna marca X
VIV-0056,usufructuario,PER-0066,,,,planilla_socioeconomica · columna marca X
VIV-0057,propietario,PER-0067,1038,1018,1984,planilla_socioeconomica · columna marca X
VIV-0058,propietario,PER-0068,2096,1991,1992,planilla_socioeconomica · columna marca X
VIV-0059,propietario,PER-0069,2445,2339,1992,planilla_socioeconomica · columna marca X
VIV-0060,propietario,PER-0070,4383,4032,2001,planilla_socioeconomica · columna marca X
VIV-0061,propietario,PER-0071,4234,3971,1997,planilla_socioeconomica · columna marca X
VIV-0062,propietario,PER-0072,1037,1017,1984,planilla_socioeconomica · columna marca X
VIV-0063,propietario,PER-0073,975,955,1984,planilla_socioeconomica · columna marca X
VIV-0066,usufructuario,PER-0076,3884,3165,2010,planilla_socioeconomica · columna marca X
VIV-0067,propietario,PER-0078,2095,1990,1992,planilla_socioeconomica · columna marca X
VIV-0068,propietario,PER-0079,4233,3970,1997,planilla_socioeconomica · columna marca X
VIV-0069,propietario,PER-0080,4376,4026,2001,planilla_socioeconomica · columna marca X
VIV-0070,propietario,PER-0081,3920,3066,2011,planilla_socioeconomica · columna marca X
VIV-0071,propietario,PER-0082,4228,3965,1997,planilla_socioeconomica · columna marca X
VIV-0072,propietario,PER-0083,1113,1093,1984,planilla_socioeconomica · columna marca X
VIV-0073,propietario,PER-0084,1050,1030,1984,planilla_socioeconomica · columna marca X
VIV-0074,propietario,PER-0085,4295,3950,2001,planilla_socioeconomica · columna marca X
VIV-0075,propietario,PER-0086,4256,3993,1997,planilla_socioeconomica · columna marca X
VIV-0076,propietario,"PER-0087,PER-0088",1576,1519,1991,planilla_socioeconomica · columna marca X
VIV-0077,propietario,PER-0089,8116,6449,2011,planilla_socioeconomica · columna marca X
VIV-0078,propietario,PER-0090,,,,planilla_socioeconomica · columna marca X
VIV-0079,propietario,PER-0091,,,,planilla_socioeconomica · columna marca X
VIV-0080,propietario,PER-0092,3613,3325,2000,planilla_socioeconomica · columna marca X
VIV-0081,propietario,PER-0093,1071,787,2012,planilla_socioeconomica · columna marca X
VIV-0082,propietario,PER-0094,1574,1517,1991,planilla_socioeconomica · columna marca X
VIV-0084,propietario,PER-0096,1572,1515,1991,planilla_socioeconomica · columna marca X
VIV-0085,propietario,PER-0097,1570,1513,1991,planilla_socioeconomica · columna marca X
VIV-0086,propietario,PER-0098,1569,1512,1991,planilla_socioeconomica · columna marca X
VIV-0087,propietario,PER-0099,3191,2970,1997,planilla_socioeconomica · columna marca X
VIV-0088,propietario,PER-0100,2066,1961,1992,planilla_socioeconomica · columna marca X
VIV-0089,propietario,PER-0101,156,142,2002,planilla_socioeconomica · columna marca X
VIV-0090,propietario,PER-0102,2133,2028,1992,planilla_socioeconomica · columna marca X
VIV-0091,propietario,PER-0103,1578,1521,1991,planilla_socioeconomica · columna marca X
VIV-0092,propietario,PER-0104,1580,1523,1991,planilla_socioeconomica · columna marca X
VIV-0093,propietario,PER-0105,48,41,2011,planilla_socioeconomica · columna marca X
VIV-0094,propietario,PER-0106,4330,4032,2004,planilla_socioeconomica · columna marca X
VIV-0095,usufructuario,PER-0107,,1534,1991,planilla_socioeconomica · columna marca X
VIV-0096,usufructuario,PER-0109,1585,1528,1991,planilla_socioeconomica · columna marca X
VIV-0097,propietario,PER-0111,1592,1535,1991,planilla_socioeconomica · columna marca X
VIV-0098,propietario,PER-0112,1593,1536,1991,planilla_socioeconomica · columna marca X
VIV-0099,usufructuario,"PER-0113,PER-0114",1092,1072,1984,planilla_socioeconomica · columna marca X
VIV-0100,usufructuario,PER-0115,3213,2992,1997,planilla_socioeconomica · columna marca X
VIV-0101,propietario,PER-0117,2067,1962,1992,planilla_socioeconomica · columna marca X
VIV-0102,propietario,PER-0118,1026,1006,1984,planilla_socioeconomica · columna marca X
VIV-0103,propietario,PER-0119,1057,1037,1984,planilla_socioeconomica · columna marca X
VIV-0105,propietario,"PER-0121,PER-0122",2442,2326,1992,planilla_socioeconomica · columna marca X
VIV-0106,propietario,PER-0123,1061,1041,1984,planilla_socioeconomica · columna marca X
VIV-0108,propietario,PER-0125,1598,1541,1991,planilla_socioeconomica · columna marca X
VIV-0109,propietario,PER-0126,1596,1529,1991,planilla_socioeconomica · columna marca X
VIV-0110,propietario,"PER-0127,PER-0128",2449,2333,1992,planilla_socioeconomica · columna marca X
VIV-0111,usufructuario,PER-0129,,,,planilla_socioeconomica · columna marca X
VIV-0112,usufructuario,PER-0130,1111,1091,1984,planilla_socioeconomica · columna marca X
VIV-0113,propietario,PER-0132,4237,3974,1997,planilla_socioeconomica · columna marca X
VIV-0114,propietario,PER-0133,2075,1970,1992,planilla_socioeconomica · columna marca X
VIV-0115,propietario,PER-0134,173,159,2002,planilla_socioeconomica · columna marca X
VIV-0117,propietario,PER-0136,4795,3982,2009,planilla_socioeconomica · columna marca X
VIV-0118,propietario,PER-0137,1427,1361,2004,planilla_socioeconomica · columna marca X
VIV-0119,propietario,PER-0138,3150,2138,2012,planilla_socioeconomica · columna marca X
VIV-0121,propietario,PER-0141,4342,4001,2002,planilla_socioeconomica · columna marca X
VIV-0122,propietario,PER-0142,4343,4002,2002,planilla_socioeconomica · columna marca X
VIV-0123,arrendador,PER-0144,4334,3993,2002,planilla_socioeconomica · columna marca X
VIV-0126,propietario,PER-0147,4337,3996,2002,planilla_socioeconomica · columna marca X
VIV-0127,usufructuario,PER-0149,170,156,2002,planilla_socioeconomica · columna marca X
VIV-0128,propietario,PER-0151,,,,planilla_socioeconomica · columna marca X
VIV-0129,propietario,PER-0154,,284,1993,planilla_socioeconomica · columna marca X
VIV-0131,propietario,PER-0156,2106,1086,1984,planilla_socioeconomica · columna marca X
VIV-0132,propietario,PER-0157,,,,planilla_socioeconomica · columna marca X
VIV-0132,usufructuario,PER-0158,,,,planilla_socioeconomica · columna marca X
VIV-0133,propietario,PER-0159,316,283,1993,planilla_socioeconomica · columna marca X
VIV-0134,usufructuario,PER-0161,315,282,1993,planilla_socioeconomica · columna marca X
VIV-0135,propietario,PER-0162,314,281,1993,planilla_socioeconomica · columna marca X
VIV-0136,propietario,PER-0163,4232,3969,1997,planilla_socioeconomica · columna marca X
VIV-0136,usufructuario,PER-0164,4232,3969,1997,planilla_socioeconomica · columna marca X
VIV-0137,propietario,PER-0165,3617,3329,2000,planilla_socioeconomica · columna marca X
VIV-0138,propietario,PER-0166,3614,3326,2000,planilla_socioeconomica · columna marca X
VIV-0139,propietario,PER-0167,3615,3327,2000,planilla_socioeconomica · columna marca X
VIV-0140,propietario,PER-0168,,,,planilla_socioeconomica · columna marca X
VIV-0141,propietario,PER-0169,1700,1505,2006,planilla_socioeconomica · columna marca X
VIV-0142,propietario,PER-0170,4384,4034,2001,planilla_socioeconomica · columna marca X
VIV-0144,propietario,PER-0172,4381,4031,2001,planilla_socioeconomica · columna marca X
VIV-0145,propietario,PER-0173,4450,4143,1,planilla_socioeconomica · columna marca X
VIV-0146,propietario,PER-0174,3186,2965,1997,planilla_socioeconomica · columna marca X
VIV-0147,propietario,PER-0175,4380,4030,2001,planilla_socioeconomica · columna marca X
VIV-0148,propietario,PER-0176,3190,2969,1997,planilla_socioeconomica · columna marca X
VIV-0150,propietario,PER-0178,4368,4018,2001,planilla_socioeconomica · columna marca X
VIV-0152,arrendador,"PER-0180,PER-0181",3183,2962,1997,planilla_socioeconomica · columna marca X
VIV-0153,arrendador,"PER-0182,PER-0183",8438,5981,2012,planilla_socioeconomica · columna marca X
VIV-0154,propietario,PER-0184,3189,2968,1997,planilla_socioeconomica · columna marca X
VIV-0155,propietario,PER-0185,3187,2966,1997,planilla_socioeconomica · columna marca X
VIV-0156,propietario,PER-0186,3188,2967,1997,planilla_socioeconomica · columna marca X
VIV-0158,propietario,PER-0188,3179,2958,1997,planilla_socioeconomica · columna marca X
VIV-0159,propietario,PER-0189,,,,planilla_socioeconomica · columna marca X
VIV-0160,propietario,PER-0190,,,,planilla_socioeconomica · columna marca X
VIV-0161,usufructuario,PER-0191,1100,1080,1984,planilla_socioeconomica · columna marca X
VIV-0163,propietario,PER-0194,1601,1544,1991,planilla_socioeconomica · columna marca X
VIV-0164,arrendador,PER-0195,1603,1546,1991,planilla_socioeconomica · columna marca X
VIV-0165,comodatario,PER-0197,,,,planilla_socioeconomica · columna marca X
VIV-0167,propietario,PER-0199,3170,2949,1997,planilla_socioeconomica · columna marca X
VIV-0168,propietario,PER-0200,3165,2948,1997,planilla_socioeconomica · columna marca X
VIV-0170,propietario,PER-0202,8231,6478,2010,planilla_socioeconomica · columna marca X
VIV-0171,propietario,PER-0203,426,308,2011,planilla_socioeconomica · columna marca X
VIV-0172,propietario,PER-0204,8228,6475,2010,planilla_socioeconomica · columna marca X
VIV-0173,propietario,PER-0205,2360,1886,2009,planilla_socioeconomica · columna marca X
VIV-0176,propietario,PER-0208,1419,1305,2000,planilla_socioeconomica · columna marca X
VIV-0177,propietario,PER-0209,1660,1377,1993,planilla_socioeconomica · columna marca X
VIV-0179,propietario,PER-0211,2040,1881,2002,planilla_socioeconomica · columna marca X
VIV-0180,usufructuario,PER-0212,,,,planilla_socioeconomica · columna marca X
VIV-0181,propietario,PER-0213,2094,1935,2002,planilla_socioeconomica · columna marca X
VIV-0182,propietario,PER-0214,394,355,1993,planilla_socioeconomica · columna marca X
VIV-0183,usufructuario,PER-0215,,,,planilla_socioeconomica · columna marca X
VIV-0185,usufructuario,PER-0217,,,,planilla_socioeconomica · columna marca X
VIV-0186,propietario,"PER-0218,PER-0219",1034,1014,1984,planilla_socioeconomica · columna marca X
VIV-0187,propietario,PER-0220,2109,2004,1992,planilla_socioeconomica · columna marca X
VIV-0188,usufructuario,PER-0221,2120,2015,1992,planilla_socioeconomica · columna marca X
VIV-0189,propietario,PER-0222,3270,3016,1996,planilla_socioeconomica · columna marca X
VIV-0190,propietario,PER-0223,1069,1049,1984,planilla_socioeconomica · columna marca X
VIV-0193,propietario,PER-0226,1071,1051,1984,planilla_socioeconomica · columna marca X
VIV-0194,propietario,PER-0227,2091,1986,1992,planilla_socioeconomica · columna marca X
VIV-0196,usufructuario,PER-0229,,,,planilla_socioeconomica · columna marca X
VIV-0197,propietario,PER-0230,3139,2903,1996,planilla_socioeconomica · columna marca X
VIV-0198,propietario,PER-0231,4255,3992,1997,planilla_socioeconomica · columna marca X
VIV-0199,usufructuario,PER-0232,1039,1019,1984,planilla_socioeconomica · columna marca X
VIV-0200,propietario,PER-0233,2996,2831,1992,planilla_socioeconomica · columna marca X
VIV-0201,propietario,PER-0234,1078,1058,1984,planilla_socioeconomica · columna marca X
VIV-0202,propietario,PER-0235,4253,3990,1997,planilla_socioeconomica · columna marca X
VIV-0204,propietario,PER-0237,1116,1096,1984,planilla_socioeconomica · columna marca X
VIV-0205,propietario,PER-0238,4252,3989,1997,planilla_socioeconomica · columna marca X
VIV-0206,propietario,PER-0239,2068,1963,1992,planilla_socioeconomica · columna marca X
VIV-0208,propietario,PER-0241,3611,3323,2000,planilla_socioeconomica · columna marca X
VIV-0209,propietario,PER-0242,4378,4028,2001,planilla_socioeconomica · columna marca X
VIV-0211,propietario,PER-0244,,,,planilla_socioeconomica · columna marca X
VIV-0212,propietario,PER-0245,2087,1982,1992,planilla_socioeconomica · columna marca X
VIV-0215,propietario,PER-0248,3205,2984,1997,planilla_socioeconomica · columna marca X
VIV-0216,propietario,"PER-0249,PER-0250",1077,1057,1984,planilla_socioeconomica · columna marca X
VIV-0217,propietario,PER-0251,3207,2986,1997,planilla_socioeconomica · columna marca X
VIV-0218,propietario,PER-0252,3208,2987,1997,planilla_socioeconomica · columna marca X
VIV-0219,propietario,PER-0253,4371,4021,2001,planilla_socioeconomica · columna marca X
VIV-0220,propietario,PER-0254,4685,4361,2003,planilla_socioeconomica · columna marca X
VIV-0221,propietario,PER-0255,3209,2988,1997,planilla_socioeconomica · columna marca X
VIV-0222,usufructuario,PER-0256,,,,planilla_socioeconomica · columna marca X
VIV-0224,propietario,PER-0259,978,958,1984,planilla_socioeconomica · columna marca X
VIV-0225,propietario,PER-0260,2461,2345,1992,planilla_socioeconomica · columna marca X
VIV-0226,propietario,PER-0261,2463,2347,1992,planilla_socioeconomica · columna marca X
VIV-0227,propietario,PER-0262,3174,2953,1997,planilla_socioeconomica · columna marca X
VIV-0228,propietario,PER-0263,3175,2954,1997,planilla_socioeconomica · columna marca X
VIV-0229,propietario,PER-0264,2456,2340,1992,planilla_socioeconomica · columna marca X
VIV-0230,propietario,PER-0265,3176,2955,1997,planilla_socioeconomica · columna marca X
VIV-0232,propietario,PER-0267,972,952,1984,planilla_socioeconomica · columna marca X
VIV-0233,usufructuario,PER-0268,1428,1409,1988,planilla_socioeconomica · columna marca X
VIV-0234,propietario,PER-0270,505 v.,481,2007,planilla_socioeconomica · columna marca X
VIV-0235,usufructuario,PER-0271,1325,1048,1993,planilla_socioeconomica · columna marca X
VIV-0236,propietario,PER-0273,1123,1103,1984,planilla_socioeconomica · columna marca X
VIV-0237,propietario,PER-0274,2099,1994,1992,planilla_socioeconomica · columna marca X
VIV-0238,usufructuario,PER-0275,2106,2001,1992,planilla_socioeconomica · columna marca X
VIV-0239,propietario,PER-0276,1049,1029,1984,planilla_socioeconomica · columna marca X
VIV-0240,propietario,PER-0278,2123,2018,1992,planilla_socioeconomica · columna marca X
VIV-0240,usufructuario,PER-0277,2123,2018,1992,planilla_socioeconomica · columna marca X
VIV-0241,propietario,PER-0279,4688,4364,2003,planilla_socioeconomica · columna marca X
VIV-0242,propietario,PER-0280,,,,planilla_socioeconomica · columna marca X
VIV-0243,propietario,PER-0281,4247,3984,1997,planilla_socioeconomica · columna marca X
VIV-0244,propietario,PER-0282,2097,1992,1992,planilla_socioeconomica · columna marca X
VIV-0245,propietario,PER-0283,157,143,2002,planilla_socioeconomica · columna marca X
VIV-0247,propietario,PER-0285,2107,2002,1992,planilla_socioeconomica · columna marca X
VIV-0248,propietario,PER-0286,4222,3950,2007,planilla_socioeconomica · columna marca X
VIV-0249,usufructuario,PER-0287,4221,3958,1997,planilla_socioeconomica · columna marca X
VIV-0250,usufructuario,PER-0290,2452,2336,1992,planilla_socioeconomica · columna marca X
VIV-0251,propietario,PER-0291,1052,1032,1984,planilla_socioeconomica · columna marca X
VIV-0252,propietario,PER-0292,3929,2648,2012,planilla_socioeconomica · columna marca X
VIV-0253,usufructuario,"PER-0293,PER-0294",2118,2013,1992,planilla_socioeconomica · columna marca X
VIV-0254,propietario,PER-0295,2102,1997,1992,planilla_socioeconomica · columna marca X
VIV-0255,propietario,PER-0296,2117,2012,1992,planilla_socioeconomica · columna marca X
VIV-0256,usufructuario,PER-0297,,,,planilla_socioeconomica · columna marca X
VIV-0257,usufructuario,PER-0299,1054,1034,1984,planilla_socioeconomica · columna marca X
VIV-0258,propietario,PER-0301,2129,2024,1992,planilla_socioeconomica · columna marca X
VIV-0259,propietario,PER-0302,963,943,1984,planilla_socioeconomica · columna marca X
VIV-0261,propietario,PER-0304,3198,2977,1997,planilla_socioeconomica · columna marca X
VIV-0262,propietario,PER-0305,1029,1009,1984,planilla_socioeconomica · columna marca X
VIV-0263,usufructuario,PER-0306,106,86,2003,planilla_socioeconomica · columna marca X
VIV-0264,propietario,PER-0308,959,939,1984,planilla_socioeconomica · columna marca X
VIV-0265,propietario,PER-0309,2451,2335,1992,planilla_socioeconomica · columna marca X
VIV-0266,propietario,PER-0310,2126,2021,1992,planilla_socioeconomica · columna marca X
VIV-0268,propietario,PER-0312,3788,3020,2008,planilla_socioeconomica · columna marca X
VIV-0269,propietario,PER-0313,1053,1033,1984,planilla_socioeconomica · columna marca X
VIV-0270,propietario,PER-0314,2704,2170,2009,planilla_socioeconomica · columna marca X
VIV-0272,propietario,PER-0316,3852,3692,2002,planilla_socioeconomica · columna marca X
VIV-0273,propietario,PER-0317,4361,4011,2001,planilla_socioeconomica · columna marca X
VIV-0274,propietario,PER-0318,3199,2978,1997,planilla_socioeconomica · columna marca X
VIV-0275,propietario,PER-0319,3202,2982,1997,planilla_socioeconomica · columna marca X
VIV-0276,propietario,PER-0320,5357,4286,2008,planilla_socioeconomica · columna marca X
VIV-0278,usufructuario,PER-0322,3201,2980,1997,planilla_socioeconomica · columna marca X
VIV-0279,propietario,PER-0324,190,199,1988,planilla_socioeconomica · columna marca X
VIV-0280,propietario,PER-0325,,,,planilla_socioeconomica · columna marca X
VIV-0281,propietario,PER-0326,2997,2932,1992,planilla_socioeconomica · columna marca X
VIV-0282,propietario,PER-0327,1004,984,1984,planilla_socioeconomica · columna marca X
VIV-0285,propietario,"PER-0330,PER-0331",4230,3967,1997,planilla_socioeconomica · columna marca X
VIV-0286,propietario,PER-0332,2071,1966,1992,planilla_socioeconomica · columna marca X
VIV-0287,propietario,PER-0333,,,,planilla_socioeconomica · columna marca X
VIV-0288,propietario,PER-0334,3054,2800,2007,planilla_socioeconomica · columna marca X
VIV-0289,usufructuario,PER-0335,411,370,2003,planilla_socioeconomica · columna marca X
VIV-0290,propietario,PER-0337,2443,2327,1992,planilla_socioeconomica · columna marca X
VIV-0291,propietario,PER-0338,4081,3313,2010,planilla_socioeconomica · columna marca X
VIV-0292,propietario,PER-0339,4889,4440,2007,planilla_socioeconomica · columna marca X
VIV-0293,propietario,PER-0340,4374,4024,2001,planilla_socioeconomica · columna marca X
VIV-0294,propietario,PER-0341,4251,3988,1997,planilla_socioeconomica · columna marca X
VIV-0295,propietario,PER-0342,1109,1089,1984,planilla_socioeconomica · columna marca X
VIV-0296,propietario,PER-0343,4297,3948,2001,planilla_socioeconomica · columna marca X
VIV-0297,propietario,PER-0344,4379,4029,2001,planilla_socioeconomica · columna marca X
VIV-0298,propietario,PER-0345,4297,3952,2001,planilla_socioeconomica · columna marca X
VIV-0299,propietario,PER-0346,4363,4013,2001,planilla_socioeconomica · columna marca X
VIV-0300,propietario,PER-0347,713,686,2004,planilla_socioeconomica · columna marca X
VIV-0301,propietario,"PER-0349,PER-0350",1084,1064,1984,planilla_socioeconomica · columna marca X
VIV-0302,propietario,PER-0351,971,951,1984,planilla_socioeconomica · columna marca X
VIV-0304,propietario,"PER-0353,PER-0354",986,966,1984,planilla_socioeconomica · columna marca X
VIV-0304,usufructuario,PER-0354,986,966,1984,planilla_socioeconomica · columna marca X
VIV-0305,arrendador,PER-0355,979,959,1984,planilla_socioeconomica · columna marca X
VIV-0306,propietario,"PER-0357,PER-0358",961,941,1984,planilla_socioeconomica · columna marca X
VIV-0306,usufructuario,"PER-0357,PER-0358",961,941,1984,planilla_socioeconomica · columna marca X
VIV-0307,propietario,PER-0359,,,,planilla_socioeconomica · columna marca X
VIV-0308,propietario,"PER-0361,PER-0362",,,,planilla_socioeconomica · columna marca X
VIV-0308,usufructuario,PER-0362,,,,planilla_socioeconomica · columna marca X
VIV-0309,usufructuario,PER-0364,1120,1100,1984,planilla_socioeconomica · columna marca X
VIV-0310,propietario,PER-0365,,,,planilla_socioeconomica · columna marca X
VIV-0311,propietario,PER-0366,81,1766,1994,planilla_socioeconomica · columna marca X
VIV-0312,propietario,PER-0367,1087,1067,1984,planilla_socioeconomica · columna marca X
VIV-0313,propietario,PER-0368,1121,1101,1984,planilla_socioeconomica · columna marca X
VIV-0314,propietario,PER-0369,1082,1062,1984,planilla_socioeconomica · columna marca X
VIV-0315,propietario,PER-0370,,,,planilla_socioeconomica · columna marca X
VIV-0316,propietario,"PER-0371,PER-0372",991,971,1984,planilla_socioeconomica · columna marca X
VIV-0317,usufructuario,PER-0374,1118,1098,1984,planilla_socioeconomica · columna marca X
VIV-0318,propietario,PER-0375,4223,3960,1997,planilla_socioeconomica · columna marca X
VIV-0318,usufructuario,PER-0376,4223,3960,1997,planilla_socioeconomica · columna marca X
VIV-0320,propietario,PER-0378,2995,2930,1992,planilla_socioeconomica · columna marca X
VIV-0321,propietario,PER-0379,3350,2703,2008,planilla_socioeconomica · columna marca X
VIV-0322,propietario,PER-0380,970,950,1984,planilla_socioeconomica · columna marca X
VIV-0323,propietario,PER-0381,4216,3953,1997,planilla_socioeconomica · columna marca X
VIV-0323,usufructuario,PER-0382,4216,3953,1997,planilla_socioeconomica · columna marca X
VIV-0324,propietario,PER-0383,4218,3955,1997,planilla_socioeconomica · columna marca X
VIV-0325,propietario,PER-0384,710,715,1988,planilla_socioeconomica · columna marca X
VIV-0326,propietario,"PER-0385,PER-0386",799,797,1985,planilla_socioeconomica · columna marca X
VIV-0327,propietario,PER-0387,794,792,1985,planilla_socioeconomica · columna marca X
VIV-0328,propietario,PER-0388,1045,1039,1988,planilla_socioeconomica · columna marca X
VIV-0329,propietario,"PER-0389,PER-0390",796,794,1985,planilla_socioeconomica · columna marca X
VIV-0329,usufructuario,"PER-0389,PER-0390",796,794,1985,planilla_socioeconomica · columna marca X
VIV-0330,propietario,PER-0391,793,791,1985,planilla_socioeconomica · columna marca X
VIV-0331,propietario,"PER-0392,PER-0393",,,,planilla_socioeconomica · columna marca X
VIV-0331,usufructuario,"PER-0392,PER-0393",,,,planilla_socioeconomica · columna marca X
VIV-0332,propietario,PER-0394,798,796,1985,planilla_socioeconomica · columna marca X
VIV-0332,usufructuario,PER-0394,798,796,1985,planilla_socioeconomica · columna marca X
VIV-0333,propietario,PER-0395,797,795,1985,planilla_socioeconomica · columna marca X
VIV-0334,propietario,PER-0396,791,789,1985,planilla_socioeconomica · columna marca X
VIV-0336,propietario,PER-0398,708,713,1988,planilla_socioeconomica · columna marca X
VIV-0337,usufructuario,PER-0399,707,712,1988,planilla_socioeconomica · columna marca X
VIV-0338,usufructuario,"PER-0401,PER-0402",712,717,1988,planilla_socioeconomica · columna marca X
VIV-0339,propietario,PER-0403,35,28,2011,planilla_socioeconomica · columna marca X
VIV-0340,propietario,PER-0404,709,714,1998,planilla_socioeconomica · columna marca X
VIV-0341,propietario,PER-0405,713,718,1988,planilla_socioeconomica · columna marca X
VIV-0342,propietario,PER-0406,2122,2017,1992,planilla_socioeconomica · columna marca X
VIV-0343,usufructuario,"PER-0407,PER-0408",5106,4358,2006,planilla_socioeconomica · columna marca X
VIV-0347,propietario,"PER-0413,PER-0414",1043,1023,1984,planilla_socioeconomica · columna marca X
VIV-0348,arrendador,PER-0416,1047,1027,1984,planilla_socioeconomica · columna marca X
VIV-0349,propietario,PER-0417,2136,2031,1992,planilla_socioeconomica · columna marca X
VIV-0349,usufructuario,PER-0418,2136,2031,1992,planilla_socioeconomica · columna marca X
VIV-0350,propietario,PER-0419,1073,1053,1984,planilla_socioeconomica · columna marca X
VIV-0350,usufructuario,PER-0420,1073,1053,1984,planilla_socioeconomica · columna marca X
VIV-0351,propietario,PER-0421,2128,2033,1992,planilla_socioeconomica · columna marca X
VIV-0353,arrendador,PER-0424,2073,1968,1992,planilla_socioeconomica · columna marca X
VIV-0354,propietario,PER-0425,4351,3946,2005,planilla_socioeconomica · columna marca X
VIV-0355,propietario,PER-0426,2135,2030,1992,planilla_socioeconomica · columna marca X
VIV-0356,propietario,PER-0427,3197,2976,1997,planilla_socioeconomica · columna marca X
VIV-0357,propietario,PER-0428,,,,planilla_socioeconomica · columna marca X
VIV-0358,propietario,"PER-0429,PER-0430",3178,2573,2008,planilla_socioeconomica · columna marca X
VIV-0359,propietario,PER-0431,168,154,2002,planilla_socioeconomica · columna marca X
VIV-0360,propietario,PER-0432,169,155,2002,planilla_socioeconomica · columna marca X
VIV-0361,propietario,PER-0433,4385,4036,2001,planilla_socioeconomica · columna marca X
VIV-0362,propietario,PER-0434,4369,4028,2002,planilla_socioeconomica · columna marca X
VIV-0363,propietario,PER-0435,4296,3951,2001,planilla_socioeconomica · columna marca X
VIV-0364,propietario,PER-0436,4382,4032,2001,planilla_socioeconomica · columna marca X
VIV-0366,propietario,PER-0438,407,366,2003,planilla_socioeconomica · columna marca X
VIV-0366,arrendador,PER-0438,407,366,2003,planilla_socioeconomica · columna marca X
VIV-0367,propietario,PER-0439,4373,4032,2002,planilla_socioeconomica · columna marca X
VIV-0368,propietario,PER-0440,406,365,2003,planilla_socioeconomica · columna marca X
VIV-0368,arrendador,PER-0441,406,365,2003,planilla_socioeconomica · columna marca X
VIV-0369,propietario,PER-0442,163,149,2002,planilla_socioeconomica · columna marca X
VIV-0370,propietario,PER-0443,2447,2331,1992,planilla_socioeconomica · columna marca X
VIV-0370,arrendador,PER-0444,2447,2331,1992,planilla_socioeconomica · columna marca X
VIV-0371,arrendador,PER-0446,159,145,2002,planilla_socioeconomica · columna marca X
VIV-0372,propietario,PER-0447,2079,1974,1992,planilla_socioeconomica · columna marca X
VIV-0373,usufructuario,PER-0449,984,964,1984,planilla_socioeconomica · columna marca X
VIV-0374,usufructuario,PER-0451,1124,1104,1984,planilla_socioeconomica · columna marca X
VIV-0375,propietario,PER-0452,993,973,1984,planilla_socioeconomica · columna marca X
VIV-0376,propietario,PER-0453,2089,1984,1992,planilla_socioeconomica · columna marca X
VIV-0377,propietario,PER-0454,994,974,1984,planilla_socioeconomica · columna marca X
VIV-0377,usufructuario,PER-0455,994,974,1984,planilla_socioeconomica · columna marca X
VIV-0378,propietario,PER-0456,2070,1965,1992,planilla_socioeconomica · columna marca X
VIV-0379,propietario,PER-0457,1133,1113,1984,planilla_socioeconomica · columna marca X
VIV-0380,propietario,PER-0458,1009,989,1984,planilla_socioeconomica · columna marca X
VIV-0381,propietario,"PER-0459,PER-0460",1113,1111,1984,planilla_socioeconomica · columna marca X
VIV-0383,propietario,PER-0462,2355,2246,1992,planilla_socioeconomica · columna marca X
VIV-0386,propietario,"PER-0465,PER-0466",830,717,1993,planilla_socioeconomica · columna marca X
VIV-0386,usufructuario,PER-0466,830,717,1993,planilla_socioeconomica · columna marca X
VIV-0387,propietario,PER-0467,2100,1840,2006,planilla_socioeconomica · columna marca X
VIV-0387,usufructuario,PER-0467,2100,1840,2006,planilla_socioeconomica · columna marca X
VIV-0388,usufructuario,PER-0469,1348,1234,2002,planilla_socioeconomica · columna marca X
VIV-0389,propietario,PER-0470,1032,1012,1984,planilla_socioeconomica · columna marca X
VIV-0390,propietario,PER-0471,4336,4038,2004,planilla_socioeconomica · columna marca X
VIV-0391,propietario,PER-0472,3185,2964,1997,planilla_socioeconomica · columna marca X
VIV-0391,arrendador,PER-0473,3185,2964,1997,planilla_socioeconomica · columna marca X
VIV-0392,propietario,"PER-0474,PER-0475",1001,981,1994,planilla_socioeconomica · columna marca X
VIV-0392,usufructuario,PER-0475,1001,981,1994,planilla_socioeconomica · columna marca X
VIV-0393,propietario,PER-0476,,,,planilla_socioeconomica · columna marca X
VIV-0394,usufructuario,PER-0478,958,938,1984,planilla_socioeconomica · columna marca X
VIV-0395,usufructuario,PER-0480,1079,1059,1984,planilla_socioeconomica · columna marca X
VIV-0396,propietario,PER-0481,2099,1839,2006,planilla_socioeconomica · columna marca X
VIV-0397,usufructuario,PER-0483,8893,7012,2011,planilla_socioeconomica · columna marca X
VIV-0398,propietario,PER-0484,8174,6437,2010,planilla_socioeconomica · columna marca X
VIV-0399,propietario,PER-0485,2066,1961,1992,planilla_socioeconomica · columna marca X
VIV-0400,propietario,PER-0486,4383,4081,2004,planilla_socioeconomica · columna marca X
VIV-0401,propietario,PER-0487,,,,planilla_socioeconomica · columna marca X
VIV-0402,propietario,PER-0488,6214,5166,2009,planilla_socioeconomica · columna marca X
VIV-0403,propietario,PER-0489,3202,2981,1997,planilla_socioeconomica · columna marca X
VIV-0404,usufructuario,PER-0490,2130,2025,1992,planilla_socioeconomica · columna marca X
VIV-0405,propietario,PER-0492,5750,4605,2008,planilla_socioeconomica · columna marca X
VIV-0407,propietario,PER-0494,3209,2944,2007,planilla_socioeconomica · columna marca X
VIV-0408,propietario,PER-0495,4387,4039,2004,planilla_socioeconomica · columna marca X
VIV-0409,usufructuario,PER-0496,,,,planilla_socioeconomica · columna marca X
VIV-0410,usufructuario,PER-0497,2994,2829,1992,planilla_socioeconomica · columna marca X
VIV-0411,propietario,PER-0499,1661,1378,1993,planilla_socioeconomica · columna marca X
VIV-0412,usufructuario,PER-0500,1597,1540,1991,planilla_socioeconomica · columna marca X
VIV-0413,propietario,PER-0502,,,,planilla_socioeconomica · columna marca X
VIV-0414,propietario,PER-0503,1602,1545,1991,planilla_socioeconomica · columna marca X
VIV-0415,propietario,PER-0504,6213,5165,2009,planilla_socioeconomica · columna marca X
VIV-0416,propietario,PER-0505,1582,1525,1991,planilla_socioeconomica · columna marca X
VIV-0417,arrendador,PER-0506,4329,4031,2004,planilla_socioeconomica · columna marca X
VIV-0418,usufructuario,PER-0508,2082,1977,1992,planilla_socioeconomica · columna marca X
VIV-0419,usufructuario,PER-0510,,,,planilla_socioeconomica · columna marca X
VIV-0420,propietario,PER-0512,4369,4019,2001,planilla_socioeconomica · columna marca X
VIV-0421,propietario,PER-0513,,,,planilla_socioeconomica · columna marca X
VIV-0422,usufructuario,PER-0514,,,,planilla_socioeconomica · columna marca X
VIV-0423,usufructuario,PER-0515,,,,planilla_socioeconomica · columna marca X
VIV-0424,usufructuario,PER-0516,,,,planilla_socioeconomica · columna marca X
VIV-0425,usufructuario,PER-0517,,,,planilla_socioeconomica · columna marca X
VIV-0426,usufructuario,PER-0518,4227,3964,1997,planilla_socioeconomica · columna marca X
VIV-0427,propietario,PER-0520,4339,4041,2004,planilla_socioeconomica · columna marca X
VIV-0427,usufructuario,PER-0520,4339,4041,2004,planilla_socioeconomica · columna marca X
VIV-0428,propietario,PER-0521,4338,4040,2004,planilla_socioeconomica · columna marca X
VIV-0429,propietario,PER-0522,138,113,2011,planilla_socioeconomica · columna marca X
VIV-0430,propietario,PER-0523,2114,2009,1992,planilla_socioeconomica · columna marca X
VIV-0431,propietario,PER-0524,1013,993,1984,planilla_socioeconomica · columna marca X
VIV-0432,usufructuario,PER-0525,2132,2077,1992,planilla_socioeconomica · columna marca X
VIV-0433,usufructuario,PER-0527,964,944,1984,planilla_socioeconomica · columna marca X
VIV-0434,propietario,PER-0529,,,,planilla_socioeconomica · columna marca X
VIV-0435,propietario,PER-0530,4372,4031,2002,planilla_socioeconomica · columna marca X
VIV-0436,usufructuario,PER-0531,962,942,1984,planilla_socioeconomica · columna marca X
VIV-0437,usufructuario,PER-0533,1031,753,2012,planilla_socioeconomica · columna marca X
VIV-0438,propietario,PER-0534,2445,2329,1992,planilla_socioeconomica · columna marca X
VIV-0439,usufructuario,PER-0535,2457,2341,1992,planilla_socioeconomica · columna marca X
VIV-0440,propietario,PER-0537,408,367,2003,planilla_socioeconomica · columna marca X
VIV-0441,propietario,PER-0538,1698,1503,2006,planilla_socioeconomica · columna marca X
VIV-0443,propietario,PER-0540,,,,planilla_socioeconomica · columna marca X
VIV-0444,propietario,PER-0541,,,,planilla_socioeconomica · columna marca X
VIV-0445,propietario,PER-0542,,,,planilla_socioeconomica · columna marca X
VIV-0446,propietario,PER-0543,,,,planilla_socioeconomica · columna marca X
VIV-0447,propietario,PER-0544,,,,planilla_socioeconomica · columna marca X
VIV-0448,propietario,PER-0545,,,,planilla_socioeconomica · columna marca X
VIV-0449,propietario,PER-0546,,,,planilla_socioeconomica · columna marca X
VIV-0450,propietario,PER-0547,,,,planilla_socioeconomica · columna marca X
VIV-0451,propietario,PER-0548,,,,planilla_socioeconomica · columna marca X
VIV-0452,propietario,PER-0549,,,,planilla_socioeconomica · columna marca X
VIV-0453,propietario,PER-0550,,,,planilla_socioeconomica · columna marca X
VIV-0454,propietario,PER-0551,,,,planilla_socioeconomica · columna marca X
VIV-0455,propietario,PER-0552,,,,planilla_socioeconomica · columna marca X
VIV-0456,propietario,PER-0553,,,,planilla_socioeconomica · columna marca X
VIV-0457,propietario,PER-0554,,,,planilla_socioeconomica · columna marca X
VIV-0458,propietario,PER-0555,,,,planilla_socioeconomica · columna marca X
VIV-0459,propietario,PER-0556,,,,planilla_socioeconomica · columna marca X
VIV-0460,propietario,PER-0557,,,,planilla_socioeconomica · columna marca X
VIV-0461,propietario,PER-0558,,,,planilla_socioeconomica · columna marca X
VIV-0462,propietario,PER-0559,,,,planilla_socioeconomica · columna marca X
VIV-0463,propietario,PER-0560,,,,planilla_socioeconomica · columna marca X
VIV-0464,propietario,PER-0561,,,,planilla_socioeconomica · columna marca X
VIV-0465,propietario,PER-0562,,,,planilla_socioeconomica · columna marca X
VIV-0466,propietario,PER-0563,,,,planilla_socioeconomica · columna marca X
